id_documento,num_processo,classe,orgao_julgador,conteudo,nome_documento,id_classe,ementa,magistrado_relator,data_julgamento,orgao_justica,id_tipo_documento,relacao_juridica
6973322,00024523320188060123,REMESSA NECESSÁRIA CÍVEL,3ª Câmara de Direito Público,"ESTADO DO CEARÁ 



PODER JUDICIÁRIO 



TRIBUNAL DE JUSTIÇA 



GABINETE DESEMBARGADORA JORIZA MAGALHÃES PINHEIRO 


 



Processo: 0002452-33.2018.8.06.0123 – Remessa Necessária Cível 



Requerente: Maria Gizela da Silva Souza. 



Requerido: Município de Meruoca. 



Remetente: Juízo da Vara Única da Comarca de Meruoca.  



Custos Legis: Ministério Público Estadual. 



  



EMENTA: REMESSA NECESSÁRIA. PROCESSO CIVIL. AÇÃO DE REINTEGRAÇÃO EM CARGO PÚBLICO C/C INDENIZAÇÃO POR DANOS MORAIS. DISPENSA DO DUPLO GRAU DE JURISDIÇÃO OBRIGATÓRIO. VALOR DA CONDENAÇÃO OU DO PROVEITO ECONÔMICO AFERÍVEL MEDIANTE MEROS CÁLCULOS ARITMÉTICOS. MONTANTE INFERIOR AO LIMITE DO ART. 496, § 3º, III, DO CPC. PRECEDENTES DO STJ E DO TJCE. REMESSA NECESSÁRIA NÃO CONHECIDA. 



1. Dispensa-se a remessa de ofício quando, a despeito da iliquidez do julgado, a condenação ou o proveito econômico obtido na causa puder ser aferido mediante meros cálculos aritméticos e, por conseguinte, for inferior ao teto previsto no § 3º do art. 496 do CPC. Precedentes do STJ e do TJCE.  



2. In casu, há elementos suficientes e seguros para mensurar que o proveito econômico auferido pela parte autora é bastante inferior ao valor de alçada de 100 (cem) salários-mínimos elencado no inciso III do § 3º do art. 496 do CPC. 



3. Remessa Necessária não conhecida.  



ACÓRDÃO: Vistos, relatados e discutidos estes autos, acorda a 3ª Câmara de Direito Público do Tribunal de Justiça do Estado do Ceará, à unanimidade, em não conhecer a Remessa Necessária, tudo nos termos do voto da Relatora, parte integrante deste. 



  



Fortaleza, data e hora indicadas pelo sistema. 



  



DESEMBARGADORA JORIZA MAGALHÃES PINHEIRO 



Relatora 



  


 



RELATÓRIO 



Trata-se de Remessa Necessária que transfere a este Tribunal conhecimento de Ação de Reintegração em Cargo Público c/c Indenização por Danos Morais proposta por MARIA GIZELA DA SILVA SOUZA em desfavor do MUNICÍPIO DE MERUOCA, com o fim de compelir este à reintegrá-la no cargo anteriormente ocupado ou adimplir indenização correspondente ao período de estabilidade.  





O Juízo da Vara Única da Comarca de Meruoca julgou procedente o pedido inicial, nos termos do dispositivo abaixo transcrito (ID nº 6503711):

  



Nesse diapasão, JULGO PROCEDENTE o pleito exordial, e por conseguinte, declaro nulo o ato administrativo ora em debate, reconheço, ainda, o direito à estabilidade provisória em favor da requerente e o pagamento de quantia correspondente a todos os direitos e vantagens (remuneração, férias, décimo terceiro salário, etc.) indevidamente não pagos desde o ajuizamento da presente ação, até o quinto mês após o parto (art. 10, II, b, do ADCT), sob pena de multa diária, declarando, portanto, extinto o feito, com resolução do mérito, na forma do art. 487, I do CPC. 



Doutra banda, julgo procedente o pedido de indenização por danos morais, para condenar o município requerido a indenizar a recorrente em R$ 5.000,00 (cinco mil reais).  



Condeno a parte sucumbente ao pagamento das custas processuais e honorários advocatícios, cujo percentual será definido após a liquidação da sentença, nos termos do art. 85, caput, §§ 3º e 4º, II, do Código de Processo Civil. Isento, no entanto, o requerido do pagamento das custas, conforme dispõe o art. 5º, I, da Lei Estadual nº 16.132/2016.  



Juros de mora pela remuneração oficial da caderneta de poupança e correção monetária pelo IPCA-E. Estabeleço como termo inicial dos juros de mora a data da rescisão do vínculo administrativo. Correção monetária das vantagens laborais a partir da data em que eram devidas e, no tocante à indenização por danos morais, deve a correção monetária fluir da data da publicação desta sentença.  



Enfim, prolatada sentença ilíquida, submeto-a à remessa necessária (Súmula 490 do STJ), determinando o envio dos autos ao egrégio Tribunal de Justiça para o exame da decisão após o decurso do prazo recursal e das respectivas contrarrazões. 

  



Regularmente intimadas, as partes não apresentaram recurso voluntário, de modo que os autos ascenderam a este Tribunal por força exclusivamente do duplo grau de jurisdição obrigatório (ID nº 6503716). 





Instado a se manifestar, o Parquet opinou pelo não conhecimento ou desprovimento da Remessa Necessária (ID nº 6584078). 





É o relatório, no essencial. 



VOTO 





Antes de analisar o mérito, deve-se averiguar a presença dos requisitos de admissibilidade, sem os quais resta inviabilizado o conhecimento da presente Remessa Necessária. 





De início, faz-se mister asseverar que, nada obstante se trate de sentença ilíquida prolatada contra a Fazenda Pública Municipal, o que, em tese, justificaria o duplo grau de jurisdição obrigatório, conforme art. 496 do CPC e Súmula nº 490 do STJ1, referido enunciado sumular vem sendo objeto de mitigação pela jurisprudência pátria, a fim de dispensar a remessa de ofício quando, a despeito da iliquidez do julgado, a condenação ou o proveito econômico obtido na causa puder ser aferido mediante meros cálculos aritméticos e, por conseguinte, for inferior ao teto previsto no § 3º do art. 496 do CPC. Nesse sentido, confira-se o seguinte julgado do Superior Tribunal de Justiça, in verbis: 





ENUNCIADO ADMINISTRATIVO Nº 3/STJ. PROCESSUAL CIVIL. REMESSA NECESSÁRIA. DISPENSA. SENTENÇA ILÍQUIDA. PRECEDENTES DO STJ.  



1. Em casos em que se reconhece como devido valores a servidor público, entende o Superior Tribunal de Justiça que, se o montante for mensurável, a aparente iliquidez do julgado, quando abaixo dos limites legais, não justifica a remessa necessária. Precedentes: AgInt no REsp 1705814/RJ, Rel. Ministro NAPOLEÃO NUNES MAIA FILHO, PRIMEIRA TURMA, DJe 04/09/2020; AgInt no REsp 1873359/PR, Rel. Ministro GURGEL DE FARIA, PRIMEIRA TURMA, DJe 17/09/2020; EDcl no REsp 1891064/MG, Rel. Ministro HERMAN BENJAMIN, SEGUNDA TURMA, DJe 18/12/2020.  



2. Agravo interno não provido (STJ, AgInt no AREsp nº 1.807.306/RN, Rel. Ministro Mauro Campbell Marques, Segunda Turma, Julgado em 30/08/2021, DJe 02/09/2021) (destacou-se). 





Na esteira desse entendimento reside, também, a orientação jurisprudencial iterativa desta Colenda 3ª Câmara de Direito Público, senão vejamos:  





CONSTITUCIONAL. ADMINISTRATIVO. PROCESSUAL CIVIL. REEXAME EX OFFICIO EM AÇÃO ORDINÁRIA AJUIZADA CONTRA O MUNICÍPIO DE PINDORETAMA. CONTRATO TEMPORÁRIO. RENOVAÇÃO SUCESSIVA. COBRANÇA DE VERBAS TRABALHISTAS NÃO PAGAS APÓS DEMISSÃO. CONDENAÇÃO/PROVEITO ECONÔMICO ESTIMADO. VALOR DE ALÇADA NÃO ALCANÇADO. ART. 496, § 3º, III, CPC. PRECEDENTES STJ E DESTE TRIBUNAL. REMESSA NECESSÁRIA NÃO CONHECIDA. ACÓRDÃO: Vistos, relatados e discutidos estes autos, acorda a 3ª Câmara Direito Público do Tribunal de Justiça do Estado do Ceará, por unanimidade, em não conhecer da remessa necessária, nos termos do voto do Relator. Fortaleza, data e hora indicadas pelo sistema. DESEMBARGADOR FRANCISCO LUCIANO LIMA RODRIGUES Relator (TJCE, Remessa Necessária Cível nº 0004105-06.2015.8.06.0146, Relator Desembargador Francisco Luciano Lima Rodrigues, 3ª Câmara de Direito Público, Data do julgamento: 04/07/2022, Data da publicação: 05/07/2022) (destacou-se). 





In casu, cotejando os fólios, depreende-se que o Juízo de origem reconheceu o direito à estabilidade provisória da autora e condenou o ente municipal ao pagamento de quantia correspondente a todos os direitos e vantagens indevidamente não adimplidos desde o ajuizamento da demanda até o quinto mês após o parto, bem como de indenização por danos morais no valor de R$ 5.000,00 (cinco mil reais).  





Com esteio nessas premissas, é possível mensurar, a partir de simples cálculos aritméticos, que o proveito econômico auferido pela demandante é bem inferior ao valor de alçada previsto no art. 496, § 3º, III, do CPC, que à época da prolação da sentença (08.11.2022) correspondia a R$ 121.200,00 (cento e vinte e um mil e duzentos reais) (Medida Provisória nº 1.091/2021 convertida na Lei nº 14.358/2022), sendo incabível, pois, o reexame. 





Ante o exposto, não conheço a presente Remessa Necessária diante da sua manifesta prescindibilidade. 





É como voto. 





Fortaleza, data e hora informadas pelo sistema.  

  DESEMBARGADORA JORIZA MAGALHÃES PINHEIRO 

 Relatora 



 


1  A dispensa de reexame necessário, quando o valor da condenação ou do direito controvertido for inferior a sessenta salários mínimos, não se aplica a sentenças ilíquidas.",ACÓRDÃO,199,"EMENTA: REMESSA NECESSÁRIA. PROCESSO CIVIL. AÇÃO DE REINTEGRAÇÃO EM CARGO PÚBLICO C/C INDENIZAÇÃO POR DANOS MORAIS. DISPENSA DO DUPLO GRAU DE JURISDIÇÃO OBRIGATÓRIO. VALOR DA CONDENAÇÃO OU DO PROVEITO ECONÔMICO AFERÍVEL MEDIANTE MEROS CÁLCULOS ARITMÉTICOS. MONTANTE INFERIOR AO LIMITE DO ART. 496, § 3º, III, DO CPC. PRECEDENTES DO STJ E DO TJCE. REMESSA NECESSÁRIA NÃO CONHECIDA. 
1. Dispensa-se a remessa de ofício quando, a despeito da iliquidez do julgado, a condenação ou o proveito econômico obtido na causa puder ser aferido mediante meros cálculos aritméticos e, por conseguinte, for inferior ao teto previsto no § 3º do art. 496 do CPC. Precedentes do STJ e do TJCE.  
2. In casu, há elementos suficientes e seguros para mensurar que o proveito econômico auferido pela parte autora é bastante inferior ao valor de alçada de 100 (cem) salários-mínimos elencado no inciso III do § 3º do art. 496 do CPC. 
3. Remessa Necessária não conhecida.  ",JORIZA MAGALHAES PINHEIRO,2023-05-22,Câmara de Direito Público,1001413,N1: Relação jurídica pública | N2: Relação trabalhista
6520593,00118467020178060100,RECURSO INOMINADO CÍVEL,5ª Turma Recursal Provisória,"ESTADO DO CEARÁ

 

PODER JUDICIÁRIO

 TRIBUNAL DE JUSTIÇA

 

 

 

 FÓRUM DAS TURMAS RECURSAIS PROF. DOLOR BARREIRA

5ª Turma Recursal Provisória

 

ACÓRDÃO

  

Nº PROCESSO: 0011846-70.2017.8.06.0100

 

CLASSE: RECURSO INOMINADO CÍVEL

 

RECORRENTE: ALCIDES COELHO DE SOUSA

 

RECORRIDO: BRADESCO AG. JOSE WALTER

 

 

 

 

PROCLAMAÇÃO DO JULGAMENTO:

Acordam os membros da 5ª Turma Recursal dos Juizados Especiais Cíveis e Criminais do Estado do Ceará, por unanimidade, não conhecer o Recurso Inominado.

 

 

 

 

RECURSO INOMINADO. AUSÊNCIA DE DIALETICIDADE RECURSAL. APLICAÇÃO DO ART. 932, III, DO CPC. FUNDAMENTOS DA SENTENÇA NÃO IMPUGNADOS. RECURSO NÃO CONHECIDO. SENTENÇA MANTIDA EM TODOS OS SEUS TERMOS E POR SEUS PRÓPRIOS FUNDAMENTOS. 

   

VOTO 

  

Trata-se de recurso inominado interposto por Alcides Coelho de Sousa buscando reformar a sentença prolatada pelo juízo da 2ª Vara da Comarca de Itapajé, que indeferiu a petição inicial com base no parágrafo único do artigo 321 do CPC. 

Observo que, em sua peça recursal, a parte recorrente não ataca os fundamentos da sentença recorrida.

Em todo transcorrer do recurso interposto pela reclamante a argumentação é no sentido de que: “(...) O fundamento da sentença para indeferimento da petição foi por um entendimento do juízo a quo de que “na situação em analise, inexiste o requisito consubstanciado no interesse de agir da autora, dado que não restou comprovada a presença da necessidade de proteger, resguardar ou conservar o direito.”, contudo assim não pode prosperar, haja vista que o recorrente tem interesse de agir, tem legitimidade, até porque é a parte que tem mais interesse na atual demanda, tendo em vista que teve retirado de sua conta valores referentes a tarifas aos quais em nenhum momento lhe foi solicitado ou ate mesmo autorizado, dentre outros diversos tipos de descontos que o Apelado faz sem sequer ter um contrato que comprove a devida contratação pelo Apelante (...).”. 

Conclui-se, portanto, que a parte recorrente não impugnou os fundamentos da sentença recorrida.   

Em face do acima exposto, entendo que o recurso não merece ser conhecido pela ofensa à fundamentação vinculada.

Assim, VOTO PELO NÃO CONHECIMENTO DO RECURSO INOMINADO, posto que sem FUNDAMENTAÇÃO ESPECÍFICA, nos termos do artigo 932, inciso III, parte final, do Código de Processo Civil.

Condenação da Recorrente em custas e honorários advocatícios, estes arbitrados em 20% (vinte por cento) sobre o valor da causa, segundo dispõe o art. 55, da Lei nº 9.099/1995. No entanto, tais obrigações ficarão suspensas em virtude da recorrente ser beneficiária da gratuidade judicial.

Ciência às partes e, transcorridos os prazos recursais in albis, certifique-se o trânsito em julgado e encaminhe-se o processo ao juízo de origem, para os fins de direito, dando-se baixa na estatística.  

  

Fortaleza/CE, data registrada no sistema 

 

SAMARA DE ALMEIDA CABRAL PINHEIRO DE SOUSA

JUÍZA RELATORA",ACÓRDÃO,460,"RECURSO INOMINADO. AUSÊNCIA DE DIALETICIDADE RECURSAL. APLICAÇÃO DO ART. 932, III, DO CPC. FUNDAMENTOS DA SENTENÇA NÃO IMPUGNADOS. RECURSO NÃO CONHECIDO. SENTENÇA MANTIDA EM TODOS OS SEUS TERMOS E POR SEUS PRÓPRIOS FUNDAMENTOS. ",SAMARA DE ALMEIDA CABRAL PINHEIRO DE SOUSA,2023-03-24,Turma Recursal Cível,1001413,N1: Relação jurídica privada | N2: Relação cível | N3: Relação contratual
6114995,02475399820218060001,RECURSO INOMINADO CÍVEL,3ª Turma Recursal,"ESTADO DO CEARÁ

 

PODER JUDICIÁRIO

 TRIBUNAL DE JUSTIÇA

 

 

 

 FÓRUM DAS TURMAS RECURSAIS PROF. DOLOR BARREIRA

3ª Turma Recursal

 

ACÓRDÃO

  

Nº PROCESSO: 0247539-98.2021.8.06.0001

 

CLASSE: RECURSO INOMINADO CÍVEL

 

RECORRENTE: ESTADO DO CEARA e outros

 

RECORRIDO: ROBERTO PAULO DA SILVA

 

 

 

 

PROCLAMAÇÃO DO JULGAMENTO:

Acorda a Terceira Turma Recursal do Estado do Ceará, por unanimidade de votos, em conhecer do Recurso Inominado para NEGAR-LHE provimento, nos termos do voto do relator.

 

 



ESTADO DO CEARÁ

PODER JUDICIÁRIO

FÓRUM DAS TURMAS RECURSAIS PROF. DOLOR BARREIRA

ALISSON DO VALLE SIMEÃO



RECURSO INOMINADO CÍVEL (460) Nº 0247539-98.2021.8.06.0001

RECORRENTE: ESTADO DO CEARA, FUNDACAO DE PREVIDENCIA SOCIAL DO ESTADO DO CEARA - CEARAPREV

RECORRIDO: ROBERTO PAULO DA SILVA





EMENTA:  RECURSO  INOMINADO.  DIREITO ADMINISTRATIVO E CONSTITUCIONAL. POLICIAL  MILITAR REFORMADO.  SUSPENSÃO DOS DESCONTOS PREVIDENCIÁRIOS DA CONTRIBUIÇÃO NOS  SEUS  PROVENTOS. DEFERIMENTO.  COMPETÊNCIA  PARA  A  DEFINIÇÃO DE  NORMAS  PREVIDENCIÁRIAS  DOS  MILITARES. LEI FEDERAL Nº 13.954/19. INCONSTITUCIONALIDADE  DA  ALTERAÇÃO  DA BASE  DE  CÁLCULO  PARA  OS  SERVIDORES ESTADUAIS.  COMPETÊNCIA  DA  UNIÃO  PARA LEGISLAR  NORMAS  GERAIS.  VIOLAÇÃO  DO  PACTO FEDERATIVO.   RECURSO  CONHECIDO  E  DESPROVIDO. SENTENÇA MANTIDA.



ACÓRDÃO



Acorda a Terceira Turma Recursal do Estado do Ceará, por unanimidade de votos, em conhecer do Recurso Inominado para NEGAR-LHE provimento, nos termos do voto do relator.



Fortaleza/CE, data da assinatura eletrônica.

Alisson do Valle Simeão

JUIZ RELATOR



RELATÓRIO E VOTO.



Dispensado o relatório formal, nos termos do art. 38 da Lei 9.099/95, conheço do recurso inominado, por preencher os requisitos intrínsecos e extrínsecos de admissibilidade.



Pretensão de reforma de sentença que julgou procedente o pedido autoral (fls. 292/297).



Irresignado, o Estado do Ceará apresentou recurso inominado, às (fls. 304/334), alegando ser a lei nº 13.954/2019 constitucional e, portanto, deve ser aplicada, ressaltando ainda a inexistência de direito adquirido a não violação ao princípio da irredutibilidade de vencimentos do servidor público, a não aplicação da teoria do fato consumado  bem como a inexistência dos requisitos para a concessão da tutela antecipada. Contrarrazões apresentadas (fls.339/355).

Eis o breve relatório. Passo a proferir o voto.



Trata-se a ação ordinária com pedido de tutela antecipada eu que a parte autora requer a suspensão de incidência de contribuição previdenciária incidente, a partir da lei nº 13.954/2019, sobre os proventos recebidos, tendo em vista que percebe quantia abaixo do teto do Regime Geral de Previdência Social (RGPS), nos termos do regramento aplicável à espécie, qual seja, o art. 40, § 18, CRFB/1988 e LC 159/2016), ressaltando que o referido desconto afronta a norma constitucional estatuída no art. 40, § 18, uma vez que só deve incidir contribuição previdenciária sobre os proventos de aposentadorias e pensões que superem o limite máximo para os benefícios do Regime Geral de Previdência Social (RGPS), conforme o disposto no art. 201 da CRFB/1988.



A sentença singular que julgou procedente o pedido autoral, não merece reparo.



Segundo dispõe o art. 22, XXI, da Constituição Federal, compete privativamente à União legislar sobre normas gerais de organização, efetivos, material bélico, garantias, convocação, mobilização, inatividades e pensões das policiais militares e dos corpos de bombeiros militares.



Apesar desta previsão constitucional, a Carta Magna estabeleceu competência legislativa aos Estados para legislarem sobre matérias previstas no artigo 142, § 3º, X, da Constituição em relação aos militares que lhes preste serviço. Nesse sentido:



Art. 42 Os membros das Polícias Militares e Corpos de Bombeiros Militares, instituições organizadas com base na hierarquia e disciplina, são militares dos Estados, do Distrito Federal e dos Territórios. (Redação dada pela Emenda Constitucional nº 18, de 1998) § 1º Aplicam-se aos militares dos Estados, do Distrito Federal e dos Territórios, além do que vier a ser fixado em lei, as disposições do art. 14, § 8º; do art. 40, § 9º; e do art. 142, §§ 2º e 3º, cabendo a lei estadual específica dispor sobre as matérias do art. 142, § 3º, inciso X, sendo as patentes dos oficiais conferidas pelos respectivos governadores.



O artigo 142, § 3º, X, por sua vez, dispõe que “a lei disporá sobre o ingresso nas Forças Armadas, os limites de idade, a estabilidade e outras condições de transferência do militar para a inatividade, os direitos, os deveres, a remuneração, as prerrogativas e outras situações especiais dos militares, consideradas as peculiaridades de suas atividades, inclusive aquelas cumpridas por força de compromissos internacionais e de guerra”.



Da leitura dos dispositivos supra, verifica-se que os militares, policiais e bombeiros, são categoria sui generis de servidores públicos, não estando vinculados a outros regimes de Previdência por força das peculiaridades da carreira. Portanto, em relação aos policiais e bombeiros militares, apesar da possibilidade de a União editar normas de caráter geral, acerca do tema, no que diz respeito a determinadas peculiaridades, caberá ao ente estadual legislar sobre a matéria, sob pena de ofensa ao princípio do pacto federativo.



Acerca do assunto, decidiu o Supremo Tribunal Federal:



Ementa: AÇÃO CÍVEL ORIGINÁRIA. CONSTITUCIONAL. FEDERALISMO E RESPEITO ÀS REGRAS DE DISTRIBUIÇÃO DE COMPETÊNCIA. LEI 13.954/2019. ALÍQUOTA DE CONTRIBUIÇÃO PARA INATIVIDADE E PENSÃO. POLICIAIS E BOMBEIROS MILITARES ESTADUAIS. COMPETÊNCIA DA UNIÃO PARA ESTABELECER NORMAS GERAIS. ART. 22, XXI, DA CF/88. EXTRAVASAMENTO DO CAMPO ALUSIVO ANORMAS GERAIS. INCOMPATIBILIDADE COM A CONSTITUIÇÃO. DECLARAÇÃO INCIDENTAL DE INCONSTITUCIONALIDADE. PROCEDÊNCIA DA AÇÃO. 1. Ação Cível Originária ajuizada por Estadomembro com o objetivo não afastar sanção decorrente de aplicação, aos militares, de alíquota de contribuição para o regime de inatividade e pensão prevista na legislação estadual, em detrimento de lei federal que prevê a aplicação da mesma alíquota estabelecida para as Forças Armadas. 2. É possível a utilização da Ação Cível Originária a fim de obter pronunciamento que declare, incidentalmente, a inconstitucionalidade de uma lei ou ato normativo, particularmente quando esta declaração constituir-lhe a sua causa de pedir e não o próprio pedido. 3. As regras de distribuição de competências legislativas são alicerces do federalismo e consagram a fórmula de divisão de centros de poder em um Estado de Direito. Princípio da predominância do interesse. 4. A Constituição Federal de 1988, presumindo de forma absoluta para algumas matérias a presença do princípio da predominância do interesse, estabeleceu, a priori, diversas competências para cada um dos entes federativos União, Estados-Membros, Distrito Federal e Municípios e, a partir dessas opções, pode ora acentuar maior centralização de poder, principalmente na própria União (CF, art. 22), ora permitir uma maior descentralização nos Estados-Membros e nos Municípios (CF, arts. 24 e 30, inciso I). 5. Cabe à lei estadual, nos termos do art. 42, § 1º, da Constituição Federal, regulamentar as disposições do art. 142, § 3º, inciso X, dentre as quais as relativas ao regime de aposentadoria dos militares estaduais e a questões pertinentes ao regime jurídico. 6. A Lei Federal 13.954/2019, ao definir a alíquota de contribuição previdenciária a ser aplicada aos militares estaduais, extrapolou a competência para a edição de normas gerais, prevista no art. 22, XI, da Constituição, sobre “inatividades e pensões das polícias militares e dos corpos de bombeiros militares”. 7. Ação Cível Originária julgada procedente para determinar à União que se abstenha de aplicar ao Estado de Mato Grosso qualquer das providências previstas no art. 7º da Lei 9.717/1998 ou de negar-lhe a expedição do Certificado de Regularidade Previdenciária caso continue a aplicar aos policiais e bombeiros militares estaduais e seus pensionistas a alíquota de contribuição para o regime de inatividade e pensão prevista em Lei estadual, em detrimento do que prevê o art. 24-C do Decreto-Lei 667/1969, com a redação da Lei 13.954/2019. Honorários sucumbenciais arbitrados em R$ 4.000,00 (quatro mil reais), nos termos do artigo 85, § 8º, do CPC de 2015, devidos ao Estado-Autor.(ACO 3396, Relator(a): ALEXANDRE DE MORAES, Tribunal Pleno, julgado em 05/10/2020, PROCESSO ELETRÔNICO DJe-252 DIVULG 16-10-2020 PUBLIC 19-10-2020).



Também observo que o Tribunal de Justiça do Estado do Ceará também já se manifestou, em sede de mandado de segurança, sobre a temática:



EMENTA: CONSTITUCIONAL. ADMINISTRATIVO. MANDADO DE SEGURANÇA. INCONSTITUCIONALIDADE INCIDENTAL DAS NORMAS IMPUGNADAS QUE ALTERARAM A ALÍQUOTA E A BASE DE CÁLCULO DA CONTRIBUIÇÃO SOCIAL DEVIDA PELOS MILITARES ESTADUAIS. 1) PRELIMINAR DE ILEGITIMIDADE PASSIVA AD CAUSAMGOVERNADOR DO CEARÁ. FIRMADA A LEGITIMIDADE DO SECRETÁRIO DO PLANEJAMENTO E GESTÃO. 2) PRELIMINAR DE INADEQUAÇÃO DA VIA ELEITA. INAPLICABILIDADE DA SÚMULA Nº 266 DO STF. EFEITOS CONCRETOS SOBRE OS PROVENTOS DO IMPETRANTE COM A APLICAÇÃO DAS NORMAS IMPUGNADAS. 3) INCONSTITUCIONALIDADE DIRETA E POR ARRASTAMENTO DAS NORMAS LEGAIS E INFRALEGAIS EDITADAS PELA UNIÃO. VIOLAÇÃO À COMPETÊNCIA DOS ESTADOS PARA LEGISLAREM DE FORMA ESPECÍFICA SOBRE A REMUNERAÇÃO DE SEUS MILITARES ESTADUAIS E SOBRE A CONTRIBUIÇÃO SOCIAL DEVIDA AO REGIME PRÓPRIO. EFEITOS REPRISTINATÓRIOS À LEGISLAÇÃO ESTADUAL ENTÃO APLICÁVEL. 4) IMPOSSIBILIDADE DE CONCESSÃO DE EFEITOS PATRIMONIAIS AO WRIT. SÚMULAS NºS 268 E 271 DO STF. MANDAMUS EXTINTO QUANTO À AUTORIDADE ILEGÍTIMA. SEGURANÇA PARCIALMENTE CONCEDIDA EM FACE DA AUTORIDADE LEGÍTIMA. I - Objetiva-se a concessão de segurança para o fim de determinar às autoridades impetradas que se abstenham de aplicar a alíquota e a base de cálculo da contribuição social fixadas, no Art. 24- C, caput e §§ 1º e 2º, do Decreto-Lei nº 667/1969, e no Art. 3- A, caput e § 2º, da Lei nº. 3.765/60, ambos com redação dada pela Lei Federal nº 13.954/2019, tendo em vista a declaração incidental de inconstitucionalidade dessas normas por suposta violação à competência legislativa dos Estados para disporem sobre a alíquota de contribuição social dos militares estaduais. (...) V - No mérito, verifico que merece prosperar o pleito de declaração incidental da inconstitucionalidade das normas impugnadas por padecerem de vício insanável ao ferir a distribuição constitucional de competências entre os entes federados. VI - Em interpretação sistemática ao texto constitucional, infere-se que a EC nº 103 apenas conferiu à União a atribuição legislativa para editar normas gerais relativas às inatividades e às pensões militares (Art. 22, XXI, CRFB/88), de maneira que caberá aos Estados, por meio de lei específica, dispor sobre as questões afetas à remuneração de seus militares (Art. 42, §1º, c/c Art. 142, §3°, X, ambos da CRFB/88) e inclusive instituir, por meio de lei, contribuições para o custeio do regime próprio de previdência (Art. 149, §1º, CRFB/88). VII - Tanto as disposições dos Arts. 24-C, caput e §§ 1º e 2º, do Decreto-Lei nº 667/69, e do 3°-A, caput e § 2°, da Lei nº. 3.765/60, ambos com redação dada pela Lei nº 13.954/2019, estabeleceram, de forma específica, a possibilidade de aplicação aos militares estaduais inativos, até 1º de janeiro de 2025, da mesma contribuição social estabelecida para as Forças Armadas, atualmente fixada em 9,5% (nove, cinco por cento) sobre a totalidade das parcelas que compõe os proventos da inatividade, como as Instruções Normativas nºs 05 e 06/2020 da Secretaria Especial de Previdência e Trabalho do Ministério da Economia consideraram suspensa a eficácia das regras especificamente previstas, nas legislações estaduais, sobre inatividades e pensões de militares que conflitassem com as disposições da Lei nº 13.954/ 19, em inequívoco arrepio à competência constitucionalmente conferida aos Estados para legislarem sobre a remuneração, o regime previdenciário e as respectivas contribuições para custeio do regime próprio de seus servidores públicos militares(Art. 42, §1º, c/c Art. 142, §3º, X c/c Art. 149, §1º, todos da CRFB/88). VIII - Assim, o ato concreto imputado à autoridade considerada legítima, ao implementar as disposições legais e infralegais das normas impugnadas, causa evidente prejuízo ao impetrante, pois lhe provoca inequívoca redução de seus vencimentos, em virtude da base de cálculo da exação fiscal, de forma a exteriorizar patente violação a direito líquido e certo ao devido processo legal substancial. IX - No entanto, não merece prosperar o pleito de devolução dos valores descontados a maior dos proventos de inatividade do impetrante, a título de contribuição previdenciária, pois o mandado de segurança não pode ser utilizado como substitutivo à adequada ação de cobrança, já que não produz efeitos patrimoniais referentes a períodos anteriores a sua impetração que deverão ser pleiteados na via própria - Súmulas nºs 268 e 271 do STF. X - Mandado de segurança extinto sem resolução do mérito em face da autoridade considerada ilegítima e segurança parcialmente concedida em face do legítimo impetrado. (TJ/CE, MS nº 0628278-22.2020.8.06.0000, Órgão Especial, Relator: FRANCISCO BEZERRA CAVALCANTE; Comarca: Foro Unificado; Órgão julgador: N/A; Data do julgamento: 01/10/2020; Data de registro: 02/10/2020).



Da  leitura  do  presente  julgado,  pode-se  concluir  que  os  policiais  militares  e bombeiros  militares  pertencem  a  um  regime  próprio  de  previdência,  cabendo  ao  ente estadual,  por  meio  de  legislação  local,  estabelecer  o  valor  da  respectiva  contribuição previdenciária,  levando  em  considerando  as  características  próprias  do  sistema financeiro  local.



Denota-se que os julgados podem ser aplicados no presente caso em que foi fixado para os militares estaduais inativos, o desconto de 10,5 % (dez e meio por cento), a título de contribuição previdenciária.



Desse modo, cabe a União a competência privativa para expedir normas gerais sobre a inatividade e pensão dos servidores militares dos Estados e do Distrito Federal, cabendo aos Estados a responsabilidade acerca do sistema financeiro e administrativo dos militares a este vinculados. Cumpre ressaltar ainda que é certo que não existe direito adquirido a regime jurídico, nem direito adquirido à dispensa de contribuição previdenciária a qualquer categoria de servidor público ou beneficiário de sistema de previdência social. O que se está a analisar é acerca da constitucionalidade da aplicação da Lei federal nº 13.954/2019, sobre o sistema financeiro dos militares estaduais e como bem decidiu o Supremo Tribunal Federal, a competência para legislar sobre esta matéria é do Estado ou Município.



Relevante pontuar, que a norma anterior estabelecia que o inativo contribuiria com alíquota de 14% do montante que ultrapassasse o teto RGPS. 



Pode-se concluir, portanto que, no caso vertente, descabia ao Estado impor a alíquota de 9,5(atualmente de 10,5%) para os militares estaduais ativos, inativos e seus pensionistas, com base na Lei Federal 13.954/2019, que deu nova redação ao Decreto-Lei 667/1969, para aplicar a mesma alíquota estabelecida às Forças Armadas, uma vez que referida Lei extrapolou a sua competência legislativa (XXI, do artigo 22, da Constituição Federal).



Quanto à tutela de urgência concedida, mantenho-a, considerando estarem presentes os requisitos legais, quais sejam, probabilidade do direito, conforme explanado supra e o perigo da demora, sendo certo que a demora suspensão dos descontos lhe importará em graves consequências, sobretudo por se tratar de uma verba de natureza alimentar.



Diante do exposto, voto pelo conhecimento do presente recurso, para NEGAR-LHE provimento, mantendo inalterada a sentença recorrida. Sem custas. Condeno ao pagamento de honorários advocatícios em favor do recorrido, os quais fixo em 15% (quinze por cento) do valor da causa, nos termos do art. 55 da Lei nº 9.099/95 c/c art. 85, § 1º a 3º do CPC/15.

Fortaleza/CE, data da assinatura eletrônica.

Alisson do Valle Simeão

 

JUIZ RELATOR",ACÓRDÃO,460,EMENTA:  RECURSO  INOMINADO.  DIREITO ADMINISTRATIVO E CONSTITUCIONAL. POLICIAL  MILITAR REFORMADO.  SUSPENSÃO DOS DESCONTOS PREVIDENCIÁRIOS DA CONTRIBUIÇÃO NOS  SEUS  PROVENTOS. DEFERIMENTO.  COMPETÊNCIA  PARA  A  DEFINIÇÃO DE  NORMAS  PREVIDENCIÁRIAS  DOS  MILITARES. LEI FEDERAL Nº 13.954/19. INCONSTITUCIONALIDADE  DA  ALTERAÇÃO  DA BASE  DE  CÁLCULO  PARA  OS  SERVIDORES ESTADUAIS.  COMPETÊNCIA  DA  UNIÃO  PARA LEGISLAR  NORMAS  GERAIS.  VIOLAÇÃO  DO  PACTO FEDERATIVO.   RECURSO  CONHECIDO  E  DESPROVIDO. SENTENÇA MANTIDA.,ANA PAULA FEITOSA OLIVEIRA,2023-02-06,Turma Recursal Fazendária,1001413,N1: Relação jurídica pública | N2: Relação previdenciária
1779967,30001181120168060166,RECURSO INOMINADO CÍVEL,6ª Turma Recursal Provisória,"ESTADO DO CEARÁ
 
PODER JUDICIÁRIO
 TRIBUNAL DE JUSTIÇA
 
 
 
 FÓRUM DAS TURMAS RECURSAIS PROF. DOLOR BARREIRA
6Ş Turma Recursal Provisória
 
ACÓRDÃO
  
Nº PROCESSO: 3000118-11.2016.8.06.0166
 
CLASSE: RECURSO INOMINADO CÍVEL
 
RECORRENTE: VALQUIRIA SOARES DE SOUSA
 
RECORRIDO: TIM CELULAR S.A.
 
 
 
 
PROCLAMAÇÃO DO JULGAMENTO:
Acordam os membros da 6Ş Turma Recursal dos Juizados Especiais Cíveis e Criminais do Estado do Ceará, por unanimidade de votos, tomar conhecimento do Recurso Inominado, para NEGAR-LHE provimento.
 

 

 

 

 

 



 

 

SÚMULA DE JULGAMENTO

ART. 46, LEI 9.099/95.

 

RECURSO INOMINADO. CONSUMIDOR. CELULAR. SOLICITAÇÃO DE CANCELAMENTO DO PLANO TELEFÔNICO. NOME NEGATIVADO. COMPROVAÇÃO INSUFICIENTE DA PARTE AUTORA. SEM INDÍCIOS DE CANCELAMENTO DO PLANO. NENHUM PROTOCOLO. NENHUM EMAIL. AUSÊNCIA LASTRO PROBATÓRIO. PEDIDOS IMPROCEDENTES. DESCARACTERIZAÇÃO DO DANO MORAL. RECURSO CONHECIDO E IMPROVIDO. SENTENÇA MANTIDA.

1. Ante o já exposto em sentença de primeiro grau, mantenho a mesma por seus próprios fundamentos, tendo em vista a recorrente não conseguir comprovar os fatos alegados na inicial.

2. Houve a alegação de que foi solicitado o cancelamento do plano com a Empresa Telefônica, porém não consta nos autos nem mesmo um protocolo de ligação, ou troca de e-mail comprovando a tentativa de distrato. Existem, apenas, afirmações na peça inicial.

3. Reitero o julgamento improcedente dos pedidos contidos na inicial.

4. Assim, o entendimento é de que a sentença não comporta nenhuma alteração, devendo ser mantida em sua integralidade.

5. Recurso CONHECIDO e IMPROVIDO.

6. Condenação do recorrente em custas e honorários advocatícios, estes arbitrados em 12% (doze por cento) sobre o valor da condenação, segundo dispõe o art. 55, da Lei 9.099/95, porém a exigibilidade ficará suspensa por até 5 anos após o trânsito em julgado desta decisão, conforme art. 98, § 3º do CPC.

É o voto.",ACÓRDÃO,460,RECURSO INOMINADO. CONSUMIDOR. CELULAR. SOLICITAÇÃO DE CANCELAMENTO DO PLANO TELEFÔNICO. NOME NEGATIVADO. COMPROVAÇÃO INSUFICIENTE DA PARTE AUTORA. SEM INDÍCIOS DE CANCELAMENTO DO PLANO. NENHUM PROTOCOLO. NENHUM EMAIL. AUSÊNCIA LASTRO PROBATÓRIO. PEDIDOS IMPROCEDENTES. DESCARACTERIZAÇÃO DO DANO MORAL. RECURSO CONHECIDO E IMPROVIDO. SENTENÇA MANTIDA.,ANTONIO CRISTIANO DE CARVALHO MAGALHAES,2020-05-14,Turma Recursal Cível,1001413,N1: Relação jurídica privada | N2: Relação de consumo | N3: ?
